Track,Artist,Genre song,Genre artist,Total Genre
Babe,Styx,#N/A,rock,rock
The Rose,Bette Midler,Soft rock,#N/A,soft rock
Cars,Gary Numan,#N/A,pop,pop
Magic,Olivia Newton-John,pop,pop,pop
We Don’t Talk Anymore,Cliff Richard,#N/A,pop,pop
Desire,Andy Gibb,#N/A,pop,pop
Real Love,Doobie Brothers,pop,#N/A,pop
Rock With You,Michael Jackson,#N/A,pop,pop
Sara,Fleetwood Mac,#N/A,rock,rock
Upside Down,Diana Ross,#N/A,rock,rock
Escape (THE Piña Colada Song),Rupert Holmes,Pop rock,#N/A,pop rock
Him,Rupert Holmes,Soft rock,#N/A,soft rock
Lady,Kenny Rogers,#N/A,country,country
It’s Still Rock And Roll To Me,Billy Joel,#N/A,rock,rock
On The Radio,Donna Summer,country,pop,country
Still,Commodores,#N/A,rock,rock
Another One Bites The Dust,Queen,#N/A,rock,rock
Longer,Dan Fogelberg,#N/A,country,country
Please Don’t Go,KC and the Sunshine Band,Pop,#N/A,pop
All Out Of Love,Air Supply,#N/A,rock,rock
Call Me,Blondie,pop,pop,pop
Crazy Little Thing Called Love,Queen,#N/A,rock,rock
Daydream Believer,Anne Murray,#N/A,pop,pop
Cruisin’,Smokey Robinson,Smooth R&B,#N/A,smooth r&b
Dreaming,Cliff Richard,#N/A,pop,pop
More Love,Kim Carnes,Pop,#N/A,pop
This Is It,Kenny Loggins,#N/A,pop,pop
Woman In Love,Barbra Streisand,#N/A,rock,rock
Fire Lake,Bob Seger and the Silver Bullet Band,Folk rock,#N/A,folk rock
Sailing,Christopher Cross,#N/A,pop,pop
Against The Wind,Bob Seger and the Silver Bullet Band,Heartland rock,#N/A,heartland rock
Biggest Part Of Me,Ambrosia,#N/A,pop,pop
Do That To Me One More Time,Captain & Tennille,#N/A,pop,pop
I Can’t Tell You Why,Eagles,#N/A,rock,rock
Ride Like The Wind,Christopher Cross,#N/A,pop,pop
Coward Of The County,Kenny Rogers,#N/A,country,country
How Do I Make You,Linda Ronstadt,#N/A,country,country
Jane,Jefferson Starship,#N/A,country,country
Off The Wall,Michael Jackson,#N/A,pop,pop
Shining Star,The Manhattans,R&B,#N/A,r&b
The Wanderer,Donna Summer,#N/A,pop,pop
Don’t Do Me Like That,Tom Petty and the Heartbreakers,#N/A,pop,pop
Give Me The Night,George Benson,#N/A,jazz,jazz
Lost In Love,Air Supply,pop,rock,pop
You May Be Right,Billy Joel,#N/A,rock,rock
Fame,Irene Cara,pop,pop,pop
Hurt So Bad,Linda Ronstadt,pop,country,pop
Coming Up,Paul McCartney,#N/A,rock,rock
Funkytown,Lipps Inc,Funk,#N/A,funk
Ladies’ Night,Kool & the Gang,Disco,#N/A,disco
Master Blaster (JAMMIN’),Stevie Wonder,jazz,#N/A,jazz
Stomp!,The Brothers Johnson,#N/A,jazz,jazz
Let My Love Open The Door,Pete Townshend,rock,pop,rock
One Fine Day,Carole King,#N/A,pop,pop
Steal Away,Robbie Dupree,rock,rock,rock
The Long Run,Eagles,#N/A,rock,rock
Cool Change,Little River Band,#N/A,pop,pop
Into The Night,Benny Mardones,Adult contemporary,#N/A,adult contemporary
She’s Out Of My Life,Michael Jackson,#N/A,pop,pop
Drivin’ My Life Away,Eddie Rabbitt,#N/A,country,country
Head Games,Foreigner,#N/A,rock,rock
I Wanna Be Your Lover,Prince,#N/A,rock,rock
Lookin’ For Love,Johnny Lee,#N/A,country,country
Late In The Evening,Paul Simon,#N/A,pop,pop
Little Jeannie,Elton John,rock,rock,rock
Sexy Eyes,Dr. Hook,Disco,#N/A,disco
Too Hot,Kool & the Gang,reggae,#N/A,reggae
"Yes, I’m Ready",Teri DeSario & KC,Soul/R&B,#N/A,soul/r&b
Emotional Rescue,The Rolling Stones,#N/A,rock,rock
He’s So Shy,the Pointer Sisters,#N/A,pop,pop
The Second Time Around,Shalamar,Funk,#N/A,funk
"Working My Way Back To You/Forgive Me, Girl",The Spinners,Disco/Funk,#N/A,disco/funk
Xanadu,Olivia Newton-John / Electric Light Orchestra,pop,#N/A,pop
Look What You’ve Done To Me,Boz Scaggs,#N/A,pop,pop
Jesse,Carly Simon,#N/A,pop,pop
All Over The World,Electric Light Orchestra,#N/A,pop,pop
An American Dream,The Dirt Band,Pop rock,#N/A,pop rock
Tired Of Toein’ The Line,Rocky Burnette,Pop rock,#N/A,pop rock
Better Love Next Time,Dr. Hook,Soft rock,#N/A,soft rock
Hot Rod Hearts,Robbie Dupree,#N/A,rock,rock
No More Tears (ENOUGH Is Enough),Barbra Streisand & Donna Summer,Pop,#N/A,pop
Let Me Love You Tonight,Pure Prairie League,country,country,country
Hold On To My Love,Jimmy Ruffin,Pop Soul,#N/A,pop soul
I’m Alright,Kenny Loggins,#N/A,pop,pop
Let’s Get Serious,Jermaine Jackson,Funk/R&B,#N/A,funk/r&b
Breakdown Dead Ahead,Boz Scaggs,pop,pop,pop
With You I’m Born Again,Billy Preston and Syreeta,Pop,#N/A,pop
Send One Your Love,Stevie Wonder,#N/A,blues,blues
Cupid/I’ve Loved You For A Long Time,The Spinners,Disco,#N/A,disco
Special Lady,"Ray, Goodman & Brown",R&B,#N/A,r&b
Never Knew Love Like This Before,Stephanie Mills,Soul,#N/A,soul
Take Your Time (DO It Right),The SOS Band,Disco,#N/A,disco
You’re Only Lonely,J.D. Souther,Soft rock,#N/A,soft rock
Pilot Of The Airwaves,Charlie Dore,Pop rock,#N/A,pop rock
"Another Brick In The Wall, Part Ii",Pink Floyd,#N/A,rock,rock
Romeo’s Tune,Steve Forbert,Pop Rock,#N/A,pop rock
I’m Coming Out (#5*),Diana Ross,#N/A,rock,rock
Brass In Pocket (I’M Special),The Pretenders,Rock,#N/A,rock
Don’t Fall In Love With A Dreamer,Kenny Rogers & Kim Carnes,Country Pop,#N/A,country pop
You’re The Only Woman (YOU & I),Ambrosia,#N/A,pop,pop
Together,Tierra,Pop,#N/A,pop
I Love You,Climax Blues Band,#N/A,blues,blues
Time,The Alan Parsons Project,rock,rock,rock
Woman,John Lennon,reggae,#N/A,reggae
You Make My Dreams,Daryl Hall & John Oates,#N/A,rock,rock
Elvira,The Oak Ridge Boys,country,country,country
Guilty,Barbra Streisand & Barry Gibb,Pop,#N/A,pop
Passion,Rod Stewart,#N/A,rock,rock
America,Neil Diamond,pop,pop,pop
9 To 5,Dolly Parton,#N/A,country,country
Hearts,Marty Balin,rock,rock,rock
Start Me Up,the Rolling Stones,rock,rock,rock
Bette Davis Eyes,Kim Carnes,Pop,#N/A,pop
Physical,Olivia Newton-John,#N/A,pop,pop
Lady,Kenny Rogers,#N/A,country,country
Keep On Loving You,REO Speedwagon,#N/A,rock,rock
Slow Hand,The Pointer Sisters,#N/A,pop,pop
The Winner Takes It All,ABBA,pop,pop,pop
Crying,Don McLean,rock,rock,rock
"De Do Do Do, De Da Da Da",The Police,#N/A,rock,rock
Just The Two Of Us,"Grover Washington, Jr. & Bill Withers",Jazz,#N/A,jazz
Another One Bites The Dust,Queen,#N/A,rock,rock
Hungry Heart,Bruce Springsteen,#N/A,rock,rock
Rapture,Blondie,#N/A,pop,pop
Hit Me With Your Best Shot,Pat Benatar,pop,pop,pop
Waiting For A Girl Like You,Foreigner,rock,rock,rock
Celebration,Kool & the Gang,Funk,#N/A,funk
Hold On Tight,Electric Light Orchestra,#N/A,pop,pop
Private Eyes,Daryl Hall & John Oates,#N/A,rock,rock
Sweetheart,Franke and the Knockouts,Pop,#N/A,pop
Take It On The Run,REO Speedwagon,#N/A,rock,rock
Time Is Time,Andy Gibb,#N/A,pop,pop
Here I Am (JUST When I Thought I Was Over You),Air Supply,rock,rock,rock
Angel Of The Morning,Juice Newton,country,country,country
Every Woman In The World,Air Supply,#N/A,rock,rock
Hey Nineteen,Steely Dan,#N/A,blues,blues
I Love A Rainy Night,Eddie Rabbitt,#N/A,country,country
Kiss On My List,Daryl Hall & John Oates,rock,rock,rock
Stop Draggin’ My Heart Around,Stevie Nicks with Tom Petty & the Heartbreakers,#N/A,soul,soul
Morning Train (NINE To Five),Sheena Easton,pop,pop,pop
Tell It Like It Is,Heart,reggae,pop,reggae
The One That You Love,Air Supply,#N/A,rock,rock
Urgent,Foreigner,#N/A,rock,rock
For Your Eyes Only,Sheena Easton,#N/A,pop,pop
Step By Step,Eddie Rabbitt,#N/A,country,country
Master Blaster (JAMMIN’),Stevie Wonder,Funk,funk,funk
Too Much Time On My Hands,Styx,#N/A,rock,rock
I Don’t Need You,Kenny Rogers,#N/A,country,country
Queen Of Hearts,Juice Newton,country,country,country
(JUST Like) Starting Over,John Lennon,Rock and Roll,#N/A,rock and roll
Ain’t Even Done With The Night,John Cougar,Rock and Roll,#N/A,rock and roll
Cool Love,Pablo Cruise,#N/A,country,country
Endless Love,Diana Ross & Lionel Richie,Funk,Soul,funk
Hard To Say,Dan Fogelberg,#N/A,country,country
Watching The Wheels,John Lennon,Soft Rock,#N/A,soft rock
Lady (YOU Bring Me Up),Commodores,#N/A,rock,rock
The Tide Is High,Blondie,#N/A,pop,pop
Being With You,Smokey Robinson,Soul,#N/A,soul
What Kind Of Fool,Barbra Streisand & Barry Gibb,Folk,Pop,folk
While You See A Chance,Steve Winwood,pop,pop,pop
All Those Years Ago,George Harrison,rock,rock,rock
The Best Of Times,Styx,rock,rock,rock
I Can’t Stand It,Eric Clapton,#N/A,blues,blues
More Than I Can Say,Leo Sayer,pop,pop,pop
A Woman Needs Love (JUST Like You Do),"Ray Parker, Jr. & Raydio",R&B/Soul,#N/A,r&b/soul
Her Town Too,James Taylor & J.D. Souther,Soft Rock,#N/A,soft rock
Living Inside Myself,Gino Vannelli,rock,rock,rock
Hello Again,Neil Diamond,#N/A,pop,pop
How ‘BOUT Us,Champaign,R&B/Pop,#N/A,r&b/pop
The Night Owls,Little River Band,pop,pop,pop
A Little In Love,Cliff Richard,#N/A,pop,pop
Love On The Rocks,Neil Diamond,#N/A,pop,pop
This Little Girl,Gary U.S. Bonds,Rock and Roll,#N/A,rock and roll
When She Was My Girl,Four Tops,#N/A,rock,rock
Miss Sun,Boz Scaggs,pop,pop,pop
Sukiyaki,A Taste of Honey,Pop/Ballad,#N/A,pop/ballad
I Made It Through The Rain,Barry Manilow,pop,pop,pop
Somebody’s Knockin’,Terri Gibbs,Country Pop,#N/A,country pop
Tryin’ To Live My Life Without You (LIVE),Bob Seger & the Silver Bullet Band,Rock,#N/A,rock
Same Old Lang Syne,Dan Fogelberg,#N/A,country,country
Gemini Dream,Moody Blues,pop,#N/A,pop
Share Your Love With Me,Kenny Rogers,country,country,country
Giving It Up For Your Love,Delbert McClinton,#N/A,country,country
I Ain’t Gonna Stand For It,Stevie Wonder,R&B,gospel,r&b
The Boy From New York City,The Manhattan Transfer,#N/A,jazz,jazz
It’s My Turn,Diana Ross,#N/A,rock,rock
Theme From Hill Street Blues,Mike Post featuring Larry Carlton,Pop,#N/A,pop
What Are We Doin’ In Love,Dottie West with Kenny Rogers,Pop,#N/A,pop
Who’s Crying Now,Journey,#N/A,rock,rock
Jessie’s Girl,Rick Springfield,#N/A,pop,pop
Theme From The Greatest American Hero (BELIEVE It Or Not),Joey Scarbury,Soft rock,#N/A,soft rock
Stars On 45 Medley,Stars on 45,Disco Pop,#N/A,disco pop
(THERE’S) No Gettin’ Over Me,Ronnie Milsap,#N/A,country,country
The Beach Boys Medley,The Beach Boys,Pop Rock,#N/A,pop rock
Don’t Stand So Close To Me,The Police,#N/A,rock,rock
We’re In This Love Together,Al Jarreau,#N/A,jazz,jazz
Super Freak (PART 1),Rick James,Funk,#N/A,funk
I’ve Done Everything For You,Rick Springfield,#N/A,pop,pop
The Breakup Song (THEY Don’t Write ‘EM),The Greg Kihn Band,Rock and Roll,#N/A,rock and roll
Arthur’s Theme (BEST That You Can Do),Christopher Cross,#N/A,pop,pop
Do I Do,Stevie Wonder,R&B,funk,r&b
Trouble,Lindsey Buckingham,Rock,#N/A,rock
Tainted Love,Soft Cell,pop,pop,pop
I Love Rock ‘N Roll,Joan Jett & The Blackhearts,#N/A,rock,rock
"Oh, Pretty Woman",Van Halen,#N/A,rock,rock
Heart Attack,Olivia Newton-John,#N/A,pop,pop
Mirror Mirror,Diana Ross,#N/A,rock,rock
Open Arms,Journey,#N/A,rock,rock
Physical,Olivia Newton-John,#N/A,pop,pop
Eye Of The Tiger,Survivor,rock,rock,rock
Sweet Dreams,Air Supply,#N/A,rock,rock
Who Can It Be Now?,Men at Work,#N/A,pop,pop
Hold Me,Fleetwood Mac,reggae,rock,reggae
Jack & Diane,John Cougar,Rock,#N/A,rock
The Other Woman,Ray Parker Jr.,R&B,#N/A,r&b
Oh No,Commodores,#N/A,rock,rock
Rosanna,Toto,#N/A,rock,rock
Think I’m In Love,Eddie Money,#N/A,pop,pop
Eye In The Sky,Alan Parsons Project,Rock,#N/A,rock
Centerfold,J. Geils Band,pop,#N/A,pop
Edge Of Seventeen,Stevie Nicks,rock,rock,rock
Hold On,Santana,blues,blues,blues
Making Love,Roberta Flack,jazz,jazz,jazz
Waiting For A Girl Like You,Foreigner,rock,rock,rock
HURTS SO GOOD,John Cougar,Rock,#N/A,rock
Up Where We Belong,Joe Cocker & Jennifer Warnes,Pop,#N/A,pop
Abracadabra,Steve Miller Band,#N/A,blues,blues
Gloria,Laura Branigan,rock,pop,rock
Heat Of The Moment,Asia,#N/A,rock,rock
Get Down On It,Kool & the Gang,Funk,#N/A,funk
I Can’t Go For That (NO Can Do),Daryl Hall & John Oates,#N/A,rock,rock
Somebody’s Baby,Jackson Browne,#N/A,pop,pop
That Girl,Stevie Wonder,#N/A,jazz,jazz
Vacation,The Go-Go’s,country,#N/A,country
Even The Nights Are Better,Air Supply,#N/A,rock,rock
Only The Lonely,The Motels,pop,pop,pop
Always On My Mind,Willie Nelson,#N/A,country,country
Blue Eyes,Elton John,rock,rock,rock
Caught Up In You,38 Special,#N/A,country,country
Goin’ Down,Greg Guidry,Soft Rock,#N/A,soft rock
Through The Years,Kenny Rogers,country,country,country
You Can Do Magic,America,#N/A,country,country
867-5309/Jenny,Tommy Tutone,Rock and Roll,#N/A,rock and roll
Cool Night,Paul Davis,#N/A,country,country
Do You Believe In Love,Huey Lewis and the News,pop,#N/A,pop
I Ran (SO Far Away),A Flock of Seagulls,#N/A,pop,pop
Waiting On A Friend,The Rolling Stones,rock,rock,rock
Crimson And Clover,Joan Jett & The Blackhearts,#N/A,rock,rock
Leader Of The Band,Dan Fogelberg,#N/A,country,country
You Could Have Been With Me,Sheena Easton,#N/A,pop,pop
Ebony And Ivory,Paul McCartney and Stevie Wonder,rock,#N/A,rock
Turn Your Love Around,George Benson,#N/A,jazz,jazz
We Got The Beat,The Go-Go’s,Rock and Roll,#N/A,rock and roll
Break It To Me Gently,Juice Newton,country,country,country
Leather And Lace,Stevie Nicks and Don Henley,rock,#N/A,rock
Shake It Up,The Cars,#N/A,pop,pop
Let It Whip,Dazz Band,Funk/R&B,#N/A,funk/r&b
Should I Do It,The Pointer Sisters,pop,pop,pop
Key Largo,Bertie Higgins,Soft Rock/Pop,#N/A,soft rock/pop
Truly (#1*),Lionel Richie,#N/A,rock,rock
Harden My Heart,Quarterflash,pop,pop,pop
Why Do Fools Fall In Love?,Diana Ross,#N/A,rock,rock
Freeze-Frame,J. Geils Band,#N/A,Rock and Roll,rock and roll
Personally,Karla Bonoff,Soft Rock/Pop,#N/A,soft rock/pop
Body Language,Queen,#N/A,rock,rock
Wasted On The Way,"Crosby, Stills & Nash",#N/A,country,country
Empty Garden (HEY Hey Johnny),Elton John,#N/A,rock,rock
Young Turks,Rod Stewart,#N/A,rock,rock
Don’t Stop Believin’,Journey,#N/A,rock,rock
Don’t Talk To Strangers,Rick Springfield,#N/A,pop,pop
Love Will Turn You Around,Kenny Rogers,#N/A,country,country
Any Day Now,Ronnie Milsap,#N/A,country,country
Take It Easy On Me,Little River Band,#N/A,pop,pop
Take It Away,Paul McCartney,#N/A,rock,rock
Don’t You Want Me,Human League,Synth-Pop/New Wave,#N/A,synth-pop/new wave
What’s Forever For,Michael Murphey,#N/A,Country,country
Bobbie Sue,Oak Ridge Boys,Country Rock,#N/A,country rock
Man On Your Mind,Little River Band,#N/A,pop,pop
65 Love Affair,Paul Davis,#N/A,country,country
Chariots Of Fire,Vangelis,Instrumental/Electronic,#N/A,instrumental/electronic
You Should Hear How She Talks About You,Melissa Manchester,Pop/Dance,#N/A,pop/dance
Did It In A Minute,Daryl Hall & John Oates,#N/A,rock,rock
Keep The Fire Burnin’,REO Speedwagon,#N/A,rock,rock
Love Is In Control (FINGER On The Trigger),Donna Summer,#N/A,pop,pop
Comin’ In And Out Of Your Life,Barbra Streisand,#N/A,rock,rock
Hard To Say I’m Sorry,Chicago,#N/A,rock,rock
Make A Move On Me,Olivia Newton-John,#N/A,pop,pop
Heartlight,Neil Diamond,pop,pop,pop
I Keep Forgettin’ (EVERY Time You’re Near),Michael McDonald,#N/A,rock,rock
Pac-Man Fever,Buckner & Garcia,Novelty/Pop Rock,#N/A,novelty/pop rock
Yesterday’s Songs,Neil Diamond,#N/A,pop,pop
Someone Could Lose A Heart Tonight,Eddie Rabbitt,country,country,country
It’s Gonna Take A Miracle,Deniece Williams,Soul/R&B,#N/A,soul/r&b
I’ve Never Been To Me,Charlene,Soft Pop,#N/A,soft pop
Let’s Groove,"Earth, Wind & Fire",#N/A,jazz,jazz
Hooked On Classics,Royal Philharmonic Orchestra,Classical/Pop Fusion,#N/A,classical/pop fusion
Spirits In The Material World,The Police,rock,rock,rock
Love’s Been A Little Bit Hard On Me,Juice Newton,#N/A,country,country
The Sweetest Thing (I’VE Ever Known),Juice Newton,#N/A,country,country
My Love,Lionel Richie,#N/A,rock,rock
Every Breath You Take,The Police,rock,rock,rock
Africa,Toto,#N/A,rock,rock
One On One,Daryl Hall & John Oates,#N/A,rock,rock
Sweet Dreams (ARE Made Of This),Eurythmics,#N/A,pop,pop
Uptown Girl,Billy Joel,#N/A,rock,rock
Maneater,Daryl Hall & John Oates,#N/A,rock,rock
Billie Jean,Michael Jackson,#N/A,pop,pop
Heart To Heart,Kenny Loggins,country,pop,country
You Are,Lionel Richie,#N/A,rock,rock
Down Under,Men at Work,#N/A,pop,pop
Total Eclipse Of The Heart,Bonnie Tyler,Rock Ballad,#N/A,rock ballad
Beat It,Michael Jackson,#N/A,pop,pop
You Can’t Hurry Love,Phil Collins,#N/A,rock,rock
Come On Eileen,Dexys Midnight Runners,#N/A,pop,pop
Flashdance… What A Feeling,Irene Cara,#N/A,pop,pop
Maniac,Michael Sembello,Pop/Rock/Dance,#N/A,pop/rock/dance
"Promises, Promises",Naked Eyes,pop,pop,pop
TRUE,Spandau Ballet,pop,pop,pop
Heartbreaker,Dionne Warwick,reggae,pop,reggae
Hungry Like The Wolf,Duran Duran,pop,pop,pop
Rock The Casbah,The Clash,rock,rock,rock
Separate Ways (WORLDS Apart),Journey,rock,rock,rock
Islands In The Stream,Kenny Rogers with Dolly Parton,reggae,#N/A,reggae
Making Love Out Of Nothing At All,Air Supply,#N/A,rock,rock
Sexual Healing,Marvin Gaye,R&B/Soul,#N/A,r&b/soul
You And I,Eddie Rabbitt and Crystal Gayle,country,#N/A,country
Cum On Feel The Noize,Quiet Riot,#N/A,rock,rock
How Am I Supposed To Live Without You,Laura Branigan,#N/A,pop,pop
Faithfully,Journey,#N/A,rock,rock
Human Nature,Michael Jackson,#N/A,pop,pop
Straight From The Heart,Bryan Adams,pop,pop,pop
Truly,Lionel Richie,#N/A,rock,rock
Gloria,Laura Branigan,rock,pop,rock
Do You Really Want To Hurt Me,Culture Club,pop,pop,pop
Burning Down The House,Talking Heads,#N/A,rock,rock
Our House,Madness,Ska/Pop/New Wave,#N/A,ska/pop/new wave
Pass The Dutchie,Musical Youth,Reggae/Pop,#N/A,reggae/pop
The Girl Is Mine,Michael Jackson and Paul McCartney,Pop/R&B,#N/A,pop/r&b
I’m Still Standing,Elton John,pop,rock,pop
1999,Prince,rock,rock,rock
Say Say Say,Paul McCartney & Michael Jackson,Pop/Funk,#N/A,pop/funk
"Tonight, I Celebrate My Love",Peabo Bryson and Roberta Flack,Ballad/Pop,#N/A,ballad/pop
Always Something There To Remind Me,Naked Eyes,pop,pop,pop
Overkill,Men at Work,pop,pop,pop
Wanna Be Startin’ Somethin’,Michael Jackson,#N/A,pop,pop
"Baby, Come To Me",Patti Austin and James Ingram,R&B/Soul,#N/A,r&b/soul
Back On The Chain Gang,The Pretenders,Rock,#N/A,rock
China Girl,David Bowie,#N/A,rock,rock
Solitaire,Laura Branigan,#N/A,pop,pop
Dirty Laundry,Don Henley,pop,pop,pop
Never Gonna Let You Go,Sérgio Mendes,Soft Pop/Ballad,#N/A,soft pop/ballad
Too Shy,Kajagoogoo,Synth-Pop/New Wave,#N/A,synth-pop/new wave
All Night Long (ALL Night),Lionel Richie,rock,rock,rock
Delirious,Prince,#N/A,rock,rock
Puttin’ On The Ritz,Taco,Synth-Pop/Nostalgia Pop,#N/A,synth-pop/nostalgia pop
I Won’t Hold You Back,Toto,#N/A,rock,rock
Mickey,Toni Basil,Pop/New Wave,#N/A,pop/new wave
Mr. Roboto,Styx,#N/A,rock,rock
She Works Hard For The Money,Donna Summer,pop,pop,pop
All Right,Christopher Cross,pop,pop,pop
One Thing Leads To Another,the Fixx,pop,pop,pop
Stand Back,Stevie Nicks,rock,rock,rock
Tell Her About It,Billy Joel,#N/A,rock,rock
The Safety Dance,Men Without Hats,Synth-Pop/New Wave,#N/A,synth-pop/new wave
Time (CLOCK Of The Heart),Culture Club,pop,pop,pop
Don’t Cry,Asia,#N/A,rock,rock
Electric Avenue,Eddy Grant,Reggae/Pop/Rock,#N/A,reggae/pop/rock
Jeopardy,The Greg Kihn Band,Rock and Roll,#N/A,rock and roll
She Blinded Me With Science,Thomas Dolby,Synth-Pop/New Wave,#N/A,synth-pop/new wave
She’s A Beauty,The Tubes,#N/A,pop,pop
Steppin’ Out,Joe Jackson,#N/A,pop,pop
The Other Guy,Little River Band,#N/A,pop,pop
Twilight Zone,Golden Earring,Rock/Hard Rock,#N/A,rock/hard rock
Allentown,Billy Joel,#N/A,rock,rock
Little Red Corvette,Prince,#N/A,rock,rock
Shame On The Moon,Bob Seger & The Silver Bullet Band,Soft Rock/Country,#N/A,soft rock/country
Come Dancing,The Kinks,#N/A,rock,rock
Goody Two-Shoes,Adam Ant,#N/A,pop,pop
Stray Cat Strut,Stray Cats,#N/A,Rock and Roll,rock and roll
Your Love Is Driving Me Crazy,Sammy Hagar,#N/A,rock,rock
I Know There’s Something Going On,Frida,#N/A,pop,pop
(KEEP Feeling) Fascination,Human League,Synth-Pop/New Wave,#N/A,synth-pop/new wave
Rock This Town,Stray Cats,#N/A,Rock and Roll,rock and roll
Affair Of The Heart,Rick Springfield,#N/A,pop,pop
Der Kommissar,After the Fire,New Wave/Synth-Pop,#N/A,new wave/synth-pop
Family Man,Daryl Hall & John Oates,#N/A,rock,rock
Suddenly Last Summer,the Motels,#N/A,pop,pop
Hot Girls In Love,Loverboy,#N/A,pop,pop
Let’s Dance,David Bowie,#N/A,rock,rock
Lawyers In Love,Jackson Browne,#N/A,pop,pop
(SHE’S) Sexy + 17,Stray Cats,#N/A,Rock and Roll,rock and roll
Far From Over,Frank Stallone,Disco/Pop,#N/A,disco/pop
Telefone (LONG Distance Love Affair),Sheena Easton,#N/A,pop,pop
Is There Something I Should Know?,Duran Duran,#N/A,pop,pop
King Of Pain,The Police,rock,rock,rock
Don’t Let It End,Styx,#N/A,rock,rock
We’ve Got Tonight,Kenny Rogers and Sheena Easton,Soft Rock,#N/A,soft rock
It’s A Mistake,Men at Work,#N/A,pop,pop
I’ll Tumble 4 Ya,Culture Club,#N/A,pop,pop
Cruel Summer,Bananarama,Pop/New Wave,#N/A,pop/new wave
Girls Just Want To Have Fun,Cyndi Lauper,#N/A,pop,pop
Uptown Girl,Billy Joel,#N/A,rock,rock
Dancing In The Dark,Bruce Springsteen,#N/A,rock,rock
Time After Time,Cyndi Lauper,pop,pop,pop
Borderline,Madonna,#N/A,pop,pop
Wake Me Up Before You Go-Go,Wham!,#N/A,pop,pop
Drive,The Cars,#N/A,pop,pop
Magic,The Cars,pop,pop,pop
Blue Jean,David Bowie,rock,rock,rock
Self Control,Laura Branigan,pop,pop,pop
Eyes Without A Face,Billy Idol,#N/A,pop,pop
Jump,Van Halen,pop,rock,pop
Karma Chameleon,Culture Club,#N/A,pop,pop
99 Luftballons,Nena,New Wave/Pop Rock,#N/A,new wave/pop rock
Against All Odds (TAKE A Look At Me Now),Phil Collins,#N/A,rock,rock
I Just Called To Say I Love You,Stevie Wonder,soul,#N/A,soul
Cover Me,Bruce Springsteen,#N/A,rock,rock
Purple Rain,Prince,#N/A,rock,rock
Break My Stride,Matthew Wilder,Pop/Reggae,#N/A,pop/reggae
Caribbean Queen (NO More Love On The Run),Billy Ocean,#N/A,pop,pop
Footloose,Kenny Loggins,#N/A,pop,pop
Hello,Lionel Richie,rock,rock,rock
Owner Of A Lonely Heart,Yes,rock,jazz,rock
Head Over Heels,The Go-Go’s,pop,#N/A,pop
Thriller,Michael Jackson,#N/A,pop,pop
Talking In Your Sleep,The Romantics,#N/A,pop,pop
That’s All,Genesis,#N/A,rock,rock
Missing You,John Waite,rock,pop,rock
Round And Round,Ratt,#N/A,rock,rock
Stuck On You,Lionel Richie,#N/A,rock,rock
When Doves Cry,Prince,#N/A,rock,rock
Love Somebody,Rick Springfield,#N/A,pop,pop
Wrapped Around Your Finger,The Police,rock,rock,rock
Got A Hold On Me,Christine McVie,rock,rock,rock
Doctor! Doctor!,Thompson Twins,#N/A,pop,pop
Ghostbusters,Ray Parker Jr.,Pop/Funk,#N/A,pop/funk
Here Comes The Rain Again,Eurythmics,#N/A,pop,pop
Lights Out,Peter Wolf,#N/A,Rock and Roll,rock and roll
Pink Houses,John Cougar Mellencamp,#N/A,#N/A,#N/A
The Longest Time,Billy Joel,#N/A,rock,rock
Hold Me Now,Thompson Twins,pop,pop,pop
Say Say Say,Paul McCartney and Michael Jackson,pop,#N/A,pop
You Might Think,The Cars,#N/A,pop,pop
Legs,ZZ Top,#N/A,blues,blues
Let’s Hear It For The Boy,Deniece Williams,#N/A,#N/A,#N/A
The Warrior,Scandal featuring Patty Smyth,pop,#N/A,pop
Love Is A Battlefield,Pat Benatar,#N/A,pop,pop
Oh Sherrie,Steve Perry,rock,rock,rock
Sister Christian,Night Ranger,#N/A,rock,rock
They Don’t Know,Tracey Ullman,#N/A,#N/A,#N/A
Automatic,The Pointer Sisters,pop,pop,pop
I Feel For You,Chaka Khan,#N/A,pop,pop
On The Dark Side,John Cafferty & The Beaver Brown Band,#N/A,rock,rock
All Night Long (ALL Night),Lionel Richie,rock,rock,rock
Let The Music Play,Shannon,#N/A,#N/A,#N/A
Sunglasses At Night,Corey Hart,#N/A,#N/A,#N/A
The Reflex,Duran Duran,#N/A,pop,pop
Hard Habit To Break,Chicago,rock,rock,rock
If This Is It,Huey Lewis and the News,#N/A,#N/A,#N/A
Jump (FOR My Love),The Pointer Sisters,pop,pop,pop
I Can Dream About You,Dan Hartman,#N/A,#N/A,#N/A
Lucky Star,Madonna,pop,pop,pop
Somebody’s Watching Me,Rockwell,#N/A,#N/A,#N/A
Sad Songs (SAY So Much),Elton John,rock,rock,rock
An Innocent Man,Billy Joel,#N/A,rock,rock
I Want A New Drug,Huey Lewis and the News,#N/A,#N/A,#N/A
Infatuation,Rod Stewart,#N/A,rock,rock
She Bop,Cyndi Lauper,#N/A,pop,pop
Some Guys Have All The Luck,Rod Stewart,rock,rock,rock
The Heart Of Rock & Roll,Huey Lewis and the News,#N/A,#N/A,#N/A
Adult Education,Daryl Hall & John Oates,#N/A,rock,rock
Joanna,Kool & The Gang,#N/A,#N/A,#N/A
New Moon On Monday,Duran Duran,#N/A,pop,pop
Say It Isn’t So,Daryl Hall & John Oates,#N/A,rock,rock
Think Of Laura,Christopher Cross,#N/A,pop,pop
Union Of The Snake,Duran Duran,#N/A,pop,pop
Desert Moon,Dennis DeYoung,#N/A,#N/A,#N/A
Miss Me Blind,Culture Club,pop,pop,pop
The Glamorous Life,Sheila E.,#N/A,#N/A,#N/A
Nobody Told Me,John Lennon,Soft Rock,#N/A,soft rock
Church Of The Poison Mind,Culture Club,pop,pop,pop
I Guess That’s Why They Call It The Blues,Elton John,#N/A,rock,rock
If Ever You’re In My Arms Again,Peabo Bryson,#N/A,#N/A,#N/A
Better Be Good To Me,Tina Turner,#N/A,pop,pop
Rock Me Tonite,Billy Squier,#N/A,rock,rock
State Of Shock,The Jacksons featuring Mick Jagger,#N/A,#N/A,#N/A
Undercover Of The Night,The Rolling Stones,#N/A,rock,rock
Almost Paradise,Mike Reno and Ann Wilson,#N/A,#N/A,#N/A
I’ll Wait,Van Halen,#N/A,rock,rock
Running With The Night,Lionel Richie,#N/A,rock,rock
Breakdance,Irene Cara,#N/A,pop,pop
I’m So Excited,The Pointer Sisters,#N/A,pop,pop
Twist Of Fate,Olivia Newton-John,#N/A,pop,pop
Breakin’… There’s No Stopping Us,Ollie & Jerry,#N/A,#N/A,#N/A
The Language Of Love,Dan Fogelberg,#N/A,country,country
To All The Girls I’ve Loved Before,Julio Iglesias and Willie Nelson,#N/A,#N/A,#N/A
What’s Love Got To Do With It,Tina Turner,#N/A,pop,pop
Let’s Go Crazy,Prince and The Revolution,#N/A,#N/A,#N/A
I Still Can’t Get Over Loving You,Ray Parker Jr.,#N/A,#N/A,#N/A
Take On Me,a-ha,pop,pop,pop
Everybody Wants To Rule The World,Tears for Fears,pop,pop,pop
Dancing In The Street,Mick Jagger & David Bowie,rock,#N/A,rock
Summer Of ’69,Bryan Adams,#N/A,pop,pop
Crazy For You,Madonna,#N/A,pop,pop
Careless Whisper,Wham! featuring George Michael,soul,#N/A,soul
I Want To Know What Love Is,Foreigner,#N/A,rock,rock
Smooth Operator,Sade,#N/A,#N/A,#N/A
Fresh,Kool & the Gang,#N/A,#N/A,#N/A
Walking On Sunshine,Katrina and the Waves,#N/A,#N/A,#N/A
The Boys Of Summer,Don Henley,#N/A,pop,pop
Born In The U.S.A.,Bruce Springsteen,#N/A,rock,rock
I’m On Fire,Bruce Springsteen,#N/A,rock,rock
Suddenly,Billy Ocean,jazz,pop,jazz
You’re The Inspiration,Chicago,#N/A,rock,rock
Angel,Madonna,rock,pop,rock
Easy Lover,Philip Bailey and Phil Collins,#N/A,#N/A,#N/A
The Power Of Love,Huey Lewis and the News,#N/A,#N/A,#N/A
We Built This City,Starship,#N/A,pop,pop
Invincible,Pat Benatar,pop,pop,pop
Can’t Fight This Feeling,REO Speedwagon,#N/A,rock,rock
Run To You,Bryan Adams,#N/A,pop,pop
Shout,Tears for Fears,pop,pop,pop
Material Girl,Madonna,pop,pop,pop
All I Need,Jack Wagner,#N/A,#N/A,#N/A
Glory Days,Bruce Springsteen,#N/A,rock,rock
One More Night,Phil Collins,rock,rock,rock
Heaven,Bryan Adams,pop,pop,pop
Axel F,Harold Faltermeyer,#N/A,#N/A,#N/A
Head Over Heels,Tears for Fears,pop,pop,pop
Part-Time Lover,Stevie Wonder,R&B,#N/A,r&b
We Belong,Pat Benatar,pop,pop,pop
Like A Virgin,Madonna,#N/A,pop,pop
Missing You,Diana Ross,rock,rock,rock
Saving All My Love For You,Whitney Houston,#N/A,pop,pop
Everything She Wants,Wham!,#N/A,pop,pop
Loverboy,Billy Ocean,pop,pop,pop
Sussudio,Phil Collins,#N/A,rock,rock
Freedom,Wham!,#N/A,pop,pop
Money For Nothing,Dire Straits,#N/A,rock,rock
Out Of Touch,Daryl Hall & John Oates,rock,rock,rock
St. Elmo’s Fire (MAN In Motion),John Parr,#N/A,#N/A,#N/A
We Are The World,USA for Africa,gospel,#N/A,gospel
Would I Lie To You?,Eurythmics,#N/A,pop,pop
A View To A Kill,Duran Duran,#N/A,pop,pop
Raspberry Beret,Prince and The Revolution,#N/A,#N/A,#N/A
The Heat Is On,Glenn Frey,#N/A,pop,pop
We Don’t Need Another Hero,Tina Turner,#N/A,pop,pop
Cherish,Kool & the Gang,#N/A,#N/A,#N/A
What About Love,Heart,#N/A,pop,pop
California Girls,David Lee Roth,#N/A,rock,rock
Sea Of Love,The Honeydrippers,#N/A,#N/A,#N/A
Separate Lives,Phil Collins and Marilyn Martin,pop,#N/A,pop
Private Dancer,Tina Turner,#N/A,pop,pop
I Feel For You,Chaka Khan,#N/A,pop,pop
Dare Me,The Pointer Sisters,#N/A,pop,pop
I Would Die 4 U,Prince,#N/A,rock,rock
In My House,Mary Jane Girls,#N/A,#N/A,#N/A
Rhythm Of The Night,DeBarge,#N/A,#N/A,#N/A
Voices Carry,‘Til Tuesday,pop,#N/A,pop
If You Love Somebody Set Them Free,Sting,#N/A,rock,rock
The Wild Boys,Duran Duran,#N/A,pop,pop
All She Wants To Do Is Dance,Don Henley,#N/A,pop,pop
Obsession,Animotion,#N/A,#N/A,#N/A
Things Can Only Get Better,Howard Jones,#N/A,pop,pop
Cool It Now,New Edition,#N/A,pop,pop
Nightshift,Commodores,rock,rock,rock
You Belong To The City,Glenn Frey,#N/A,pop,pop
You Give Good Love,Whitney Houston,#N/A,pop,pop
Oh Sheila,Ready for the World,#N/A,#N/A,#N/A
Too Late For Goodbyes,Julian Lennon,#N/A,#N/A,#N/A
Lay Your Hands On Me,Thompson Twins,pop,pop,pop
Lovin’ Every Minute Of It,Loverboy,#N/A,pop,pop
Neutron Dance,The Pointer Sisters,pop,pop,pop
Never Surrender,Corey Hart,#N/A,#N/A,#N/A
No More Lonely Nights,Paul McCartney,rock,rock,rock
The Search Is Over,Survivor,rock,rock,rock
Dress You Up,Madonna,#N/A,pop,pop
One Night In Bangkok,Murray Head,#N/A,#N/A,#N/A
Fortress Around Your Heart,Sting,#N/A,rock,rock
Lonely Ol’ Night,John Cougar Mellencamp,#N/A,#N/A,#N/A
Some Like It Hot,Power Station,#N/A,#N/A,#N/A
Lovergirl,Teena Marie,#N/A,#N/A,#N/A
Everytime You Go Away,Paul Young,rock,pop,rock
Freeway Of Love,Aretha Franklin,#N/A,blues,blues
Smuggler’s Blues,Glenn Frey,#N/A,pop,pop
Misled,Kool & the Gang,#N/A,#N/A,#N/A
Pop Life,Prince & the Revolution,rock,#N/A,rock
Get It On (BANG A Gong),Power Station,#N/A,#N/A,#N/A
Sugar Walls,Sheena Easton,pop,pop,pop
Sugar Walls,Sheena Easton,pop,pop,pop
Be Near Me,ABC,pop,pop,pop
Miami Vice Theme,Jan Hammer,#N/A,#N/A,#N/A
Method Of Modern Love,Daryl Hall & John Oates,rock,rock,rock
Sentimental Street,Night Ranger,#N/A,rock,rock
Valotte,Julian Lennon,#N/A,#N/A,#N/A
Don’t You (FORGET About Me),Simple Minds,#N/A,pop,pop
Don’t Lose My Number,Phil Collins,#N/A,rock,rock
Who’s Holding Donna Now,DeBarge,#N/A,#N/A,#N/A
You’re Only Human (SECOND Wind),Billy Joel,#N/A,rock,rock
I’m Your Man,Wham!,#N/A,pop,pop
Nasty,Janet Jackson,#N/A,pop,pop
You Give Love A Bad Name,Bon Jovi,#N/A,rock,rock
Kiss,Prince and The Revolution,rock,#N/A,rock
Something About You,Level 42,pop,pop,pop
Your Love,The Outfield,pop,pop,pop
I Miss You,Klymaxx,#N/A,#N/A,#N/A
Human,The Human League,pop,pop,pop
My Hometown,Bruce Springsteen,#N/A,rock,rock
Stuck With You,Huey Lewis and the News,#N/A,#N/A,#N/A
Baby Love,Regina,reggae,#N/A,reggae
Heartbeat,Don Johnson,#N/A,#N/A,#N/A
Sara,Starship,#N/A,pop,pop
Danger Zone,Kenny Loggins,#N/A,pop,pop
Higher Love,Steve Winwood,pop,pop,pop
King For A Day,Thompson Twins,pop,pop,pop
If You Leave,Orchestral Manoeuvres in the Dark,#N/A,pop,pop
Walk This Way,Run–D.M.C. featuring Aerosmith,#N/A,#N/A,#N/A
On My Own,Patti LaBelle and Michael McDonald,blues,#N/A,blues
Take My Breath Away,Berlin,pop,pop,pop
Burning Heart,Survivor,rock,rock,rock
Glory Of Love,Peter Cetera,pop,pop,pop
Take Me Home,Phil Collins,country,rock,country
How Will I Know,Whitney Houston,#N/A,pop,pop
Invisible Touch,Genesis,rock,rock,rock
West End Girls,Pet Shop Boys,#N/A,pop,pop
What You Need,INXS,#N/A,pop,pop
Broken Wings,Mr. Mister,#N/A,#N/A,#N/A
I Can’t Wait,Nu Shooz,#N/A,#N/A,#N/A
True Colors,Cyndi Lauper,pop,pop,pop
Holding Back The Years,Simply Red,pop,pop,pop
Sweet Love,Anita Baker,jazz,#N/A,jazz
Take Me Home Tonight,Eddie Money,#N/A,pop,pop
Venus,Bananarama,#N/A,#N/A,#N/A
Greatest Love Of All,Whitney Houston,pop,pop,pop
Nikita,Elton John,#N/A,rock,rock
Friends And Lovers,Gloria Loring and Carl Anderson,#N/A,#N/A,#N/A
The Sweetest Taboo,Sade,#N/A,#N/A,#N/A
Alive And Kicking,Simple Minds,#N/A,pop,pop
Bad Boy,Miami Sound Machine,#N/A,pop,pop
Dancing On The Ceiling,Lionel Richie,#N/A,rock,rock
"Say You, Say Me",Lionel Richie,#N/A,rock,rock
Small Town,John Cougar Mellencamp,#N/A,#N/A,#N/A
Word Up!,Cameo,#N/A,#N/A,#N/A
Addicted To Love,Robert Palmer,#N/A,pop,pop
Conga,Miami Sound Machine,#N/A,pop,pop
Rock Me Amadeus,Falco,#N/A,#N/A,#N/A
These Dreams,Heart,#N/A,pop,pop
Why Can’t This Be Love,Van Halen,#N/A,rock,rock
Papa Don’t Preach,Madonna,#N/A,pop,pop
Rumors,Timex Social Club,#N/A,#N/A,#N/A
True Blue,Madonna,country,pop,country
Amanda,Boston,rock,rock,rock
Talk To Me,Stevie Nicks,#N/A,rock,rock
Tonight She Comes,The Cars,#N/A,pop,pop
Two Of Hearts,Stacey Q,#N/A,#N/A,#N/A
Walk Of Life,Dire Straits,#N/A,rock,rock
R.O.C.K. In The U.S.A.,John Cougar Mellencamp,rock,#N/A,rock
Tender Love,Force MDs,#N/A,#N/A,#N/A
Go Home,Stevie Wonder,soul,#N/A,soul
Separate Lives,Phil Collins & Marilyn Martin,pop,#N/A,pop
"When The Going Gets Tough, The Tough Get Going",Billy Ocean,#N/A,pop,pop
Live To Tell,Madonna,#N/A,pop,pop
Party All The Time,Eddie Murphy,#N/A,#N/A,#N/A
Throwing It All Away,Genesis,rock,rock,rock
Manic Monday,The Bangles,#N/A,pop,pop
Sledgehammer,Peter Gabriel,#N/A,pop,pop
We Don’t Have To Take Our Clothes Off,Jermaine Stewart,#N/A,#N/A,#N/A
Is It Love,Mr. Mister,#N/A,#N/A,#N/A
Living In America,James Brown,#N/A,#N/A,#N/A
When I Think Of You,Janet Jackson,#N/A,pop,pop
Kyrie,Mr. Mister,#N/A,#N/A,#N/A
Life In A Northern Town,Dream Academy,#N/A,#N/A,#N/A
Your Wildest Dreams,Moody Blues,#N/A,#N/A,#N/A
A Different Corner,George Michael,pop,pop,pop
Crush On You,The Jets,#N/A,#N/A,#N/A
Secret Lovers,Atlantic Starr,#N/A,#N/A,#N/A
That’s What Friends Are For,"Dionne Warwick featuring Gladys Knight, Elton John and Stevie Wonder",R&B,#N/A,r&b
Harlem Shuffle,the Rolling Stones,#N/A,rock,rock
Sweet Freedom,Michael McDonald,#N/A,rock,rock
All I Need Is A Miracle,Mike + The Mechanics,#N/A,#N/A,#N/A
No One Is To Blame,Howard Jones,pop,pop,pop
Typical Male,Tina Turner,pop,pop,pop
Mad About You,Belinda Carlisle,#N/A,pop,pop
What Have You Done For Me Lately,Janet Jackson,#N/A,pop,pop
Words Get In The Way,Miami Sound Machine,pop,pop,pop
Love Touch,Rod Stewart,#N/A,rock,rock
All Cried Out,Lisa Lisa and Cult Jam,#N/A,#N/A,#N/A
I Didn’t Mean To Turn You On,Robert Palmer,#N/A,pop,pop
Love Zone,Billy Ocean,#N/A,pop,pop
Tuff Enuff,Fabulous Thunderbirds,#N/A,#N/A,#N/A
A Love Bizarre,Sheila E.,#N/A,#N/A,#N/A
Who’s Johnny,El DeBarge,#N/A,#N/A,#N/A
This Could Be The Night,Loverboy,#N/A,pop,pop
Dreamtime,Daryl Hall,#N/A,#N/A,#N/A
Let’s Go All The Way,Sly Fox,#N/A,#N/A,#N/A
Silent Running (ON Dangerous Ground),Mike + The Mechanics,#N/A,#N/A,#N/A
Spies Like Us,Paul McCartney,#N/A,rock,rock
Don’t Forget Me (WHEN I’m Gone),Glass Tiger,#N/A,#N/A,#N/A
There’ll Be Sad Songs (TO Make You Cry),Billy Ocean,#N/A,pop,pop
Control,Janet Jackson,#N/A,pop,pop
Livin’ On A Prayer,Bon Jovi,#N/A,rock,rock
I Wanna Dance With Somebody (WHO Loves Me),Whitney Houston,#N/A,pop,pop
Bad,Michael Jackson,rock,pop,rock
Sign O’ The Times,Prince,#N/A,rock,rock
Nothing’s Gonna Stop Us Now,Starship,#N/A,pop,pop
Always,Atlantic Starr,country,#N/A,country
Love You Down,Ready for the World,#N/A,#N/A,#N/A
With Or Without You,U2,rock,rock,rock
(I Just) Died In Your Arms,Cutting Crew,#N/A,pop,pop
Is This Love,Survivor,blues,rock,blues
You Got It All,The Jets,#N/A,#N/A,#N/A
Come Go With Me,Exposé,#N/A,pop,pop
Lean On Me,Club Nouveau,#N/A,#N/A,#N/A
Little Lies,Fleetwood Mac,#N/A,rock,rock
The Lady In Red,Chris de Burgh,#N/A,pop,pop
Wanted Dead Or Alive,Bon Jovi,#N/A,rock,rock
In Too Deep,Genesis,country,rock,country
Stand By Me,Ben E. King,#N/A,#N/A,#N/A
Alone,Heart,#N/A,pop,pop
La Isla Bonita,Madonna,#N/A,pop,pop
Someday,Glass Tiger,#N/A,#N/A,#N/A
Diamonds,Herb Alpert,#N/A,jazz,jazz
Something So Strong,Crowded House,pop,pop,pop
Head To Toe,Lisa Lisa and Cult Jam,#N/A,#N/A,#N/A
I Want Your Sex,George Michael,#N/A,pop,pop
Let’s Go,Wang Chung,#N/A,pop,pop
C’est La Vie,Robbie Nevil,#N/A,#N/A,#N/A
War,Bruce Springsteen,pop,rock,pop
Notorious,Duran Duran,#N/A,pop,pop
The Way It Is,Bruce Hornsby and the Range,rock,#N/A,rock
"Tonight, Tonight, Tonight",Genesis,rock,rock,rock
Who’s That Girl,Madonna,#N/A,pop,pop
Big Time,Peter Gabriel,#N/A,pop,pop
It’s A Sin,Pet Shop Boys,#N/A,pop,pop
La Bamba,Los Lobos,#N/A,rock,rock
Only In My Dreams,Debbie Gibson,pop,pop,pop
Songbird,Kenny G,#N/A,jazz,jazz
I Still Haven’t Found What I’m Looking For,U2,#N/A,rock,rock
Keep Your Hands To Yourself,Georgia Satellites,#N/A,#N/A,#N/A
Mony Mony,Billy Idol,#N/A,pop,pop
You Keep Me Hangin’ On,Kim Wilde,#N/A,pop,pop
Here I Go Again,Whitesnake,#N/A,blues,blues
I Knew You Were Waiting (FOR Me),Aretha Franklin and George Michael,R&B,#N/A,r&b
Land Of Confusion,Genesis,rock,rock,rock
Walk Like An Egyptian,The Bangles,#N/A,pop,pop
Will You Still Love Me?,Chicago,rock,rock,rock
Breakout,Swing Out Sister,#N/A,pop,pop
I Just Can’t Stop Loving You,Michael Jackson with Siedah Garrett,#N/A,#N/A,#N/A
Somewhere Out There,Linda Ronstadt and James Ingram,#N/A,#N/A,#N/A
Victory,Kool & the Gang,#N/A,#N/A,#N/A
Funkytown,Pseudo Echo,#N/A,#N/A,#N/A
Shake You Down,Gregory Abbott,#N/A,#N/A,#N/A
Brilliant Disguise,Bruce Springsteen,#N/A,rock,rock
Big Love,Fleetwood Mac,#N/A,rock,rock
Heart And Soul,T’Pau,pop,#N/A,pop
Meet Me Half Way,Kenny Loggins,pop,pop,pop
Open Your Heart,Madonna,pop,pop,pop
Casanova,LeVert,#N/A,#N/A,#N/A
Shakedown,Bob Seger,#N/A,rock,rock
Everybody Have Fun Tonight,Wang Chung,#N/A,pop,pop
Ballerina Girl,Lionel Richie,rock,rock,rock
I Think We’re Alone Now,Tiffany,#N/A,pop,pop
Touch Me (I Want Your Body),Samantha Fox,#N/A,pop,pop
Wipe Out,Fat Boys & the Beach Boys,#N/A,#N/A,#N/A
Just To See Her,Smokey Robinson,Soul,#N/A,soul
Mandolin Rain,Bruce Hornsby and the Range,pop,#N/A,pop
Paper In Fire,John Cougar Mellencamp,pop,#N/A,pop
(I’VE Had) The Time Of My Life,Bill Medley and Jennifer Warnes,#N/A,#N/A,#N/A
Midnight Blue,Lou Gramm,#N/A,#N/A,#N/A
Point Of No Return,Exposé,#N/A,pop,pop
Rock Steady,The Whispers,rock,rock,rock
Don’t Disturb This Groove,The System,#N/A,#N/A,#N/A
Respect Yourself,Bruce Willis,#N/A,#N/A,#N/A
I Heard A Rumour,Bananarama,#N/A,#N/A,#N/A
Luka,Suzanne Vega,#N/A,pop,pop
When Smokey Sings,ABC,pop,pop,pop
Who Will You Run To,Heart,#N/A,pop,pop
Doing It All For My Baby,Huey Lewis and the News,#N/A,#N/A,#N/A
Rhythm Is Gonna Get You,Gloria Estefan and Miami Sound Machine,pop,pop,pop
Causing A Commotion,Madonna,#N/A,pop,pop
U Got The Look,Prince,#N/A,rock,rock
Right On Track,Breakfast Club,#N/A,#N/A,#N/A
Nothing’s Gonna Change My Love For You,Glenn Medeiros,#N/A,rock,rock
The Finer Things,Steve Winwood,pop,pop,pop
Lost In Emotion,Lisa Lisa and Cult Jam,#N/A,#N/A,#N/A
Change Of Heart,Cyndi Lauper,country,pop,country
Let Me Be The One,Exposé,#N/A,pop,pop
Looking For A New Love,Jody Watley,#N/A,pop,pop
(YOU Gotta) Fight For Your Right (TO Party!),Beastie Boys,#N/A,rock,rock
At This Moment,Billy Vera and the Beaters,#N/A,#N/A,#N/A
Can’t We Try,Dan Hill featuring Vonda Shepard,#N/A,#N/A,#N/A
Heat Of The Night,Bryan Adams,#N/A,pop,pop
Don’t Mean Nothing,Richard Marx,#N/A,pop,pop
Cross My Broken Heart,The Jets,#N/A,#N/A,#N/A
Don’t Dream It’s Over,Crowded House,#N/A,pop,pop
Jacob’s Ladder,Huey Lewis and the News,#N/A,#N/A,#N/A
Carrie,Europe,#N/A,rock,rock
Didn’t We Almost Have It All,Whitney Houston,#N/A,pop,pop
Let’s Wait Awhile,Janet Jackson,#N/A,pop,pop
Red Red Wine,UB40,#N/A,reggae,reggae
Sweet Child O’ Mine,Guns N’ Roses,Rock,#N/A,rock
Fast Car,Tracy Chapman,#N/A,pop,pop
Wait,White Lion,#N/A,rock,rock
Never Gonna Give You Up,Rick Astley,#N/A,pop,pop
Is This Love,Whitesnake,blues,blues,blues
Faith,George Michael,#N/A,pop,pop
Hungry Eyes,Eric Carmen,#N/A,#N/A,#N/A
Wishing Well,Terence Trent D’Arby,pop,#N/A,pop
Got My Mind Set On You,George Harrison,rock,rock,rock
Angel,Aerosmith,rock,rock,rock
Girlfriend,Pebbles,#N/A,#N/A,#N/A
Pour Some Sugar On Me,Def Leppard,#N/A,rock,rock
Kokomo,The Beach Boys,#N/A,#N/A,#N/A
The Way You Make Me Feel,Michael Jackson,#N/A,pop,pop
Monkey,George Michael,#N/A,pop,pop
Nothin’ But A Good Time,Poison,#N/A,rock,rock
Candle In The Wind,Elton John,#N/A,rock,rock
Cherry Bomb,John Cougar Mellencamp,pop,#N/A,pop
I Hate Myself For Loving You,Joan Jett and the Blackhearts,#N/A,Rock,rock
Pink Cadillac,Natalie Cole,pop,pop,pop
She’s Like The Wind,Patrick Swayze featuring Wendy Fraser,#N/A,#N/A,#N/A
Tell It To My Heart,Taylor Dayne,#N/A,pop,pop
Together Forever,Rick Astley,pop,pop,pop
Dirty Diana,Michael Jackson,pop,pop,pop
Man In The Mirror,Michael Jackson,#N/A,pop,pop
Need You Tonight,INXS,#N/A,pop,pop
Perfect World,Huey Lewis and the News,#N/A,#N/A,#N/A
Love Bites,Def Leppard,rock,rock,rock
The Flame,Cheap Trick,#N/A,pop,pop
Where Do Broken Hearts Go,Whitney Houston,#N/A,pop,pop
Always On My Mind,Pet Shop Boys,#N/A,pop,pop
Shattered Dreams,Johnny Hates Jazz,pop,pop,pop
1-2-2003,Gloria Estefan and Miami Sound Machine,pop,#N/A,pop
Father Figure,George Michael,#N/A,pop,pop
I Found Someone,Cher,#N/A,pop,pop
Never Tear Us Apart,INXS,pop,pop,pop
Anything For You,Gloria Estefan and Miami Sound Machine,#N/A,#N/A,#N/A
I Want Her,Keith Sweat,#N/A,#N/A,#N/A
What Have I Done To Deserve This?,Pet Shop Boys with Dusty Springfield,#N/A,#N/A,#N/A
New Sensation,INXS,#N/A,pop,pop
The Loco-Motion,Kylie Minogue,#N/A,pop,pop
Two Occasions,the Deele,#N/A,#N/A,#N/A
Endless Summer Nights,Richard Marx,#N/A,pop,pop
"Get Outta My Dreams, Get Into My Car",Billy Ocean,#N/A,pop,pop
One More Try,George Michael,#N/A,pop,pop
Sign Your Name,Terence Trent D’Arby,#N/A,#N/A,#N/A
When It’s Love,Van Halen,#N/A,rock,rock
A Groovy Kind Of Love,Phil Collins,#N/A,rock,rock
Electric Blue,Icehouse,#N/A,#N/A,#N/A
I Don’t Want To Live Without You,Foreigner,#N/A,rock,rock
Just Like Paradise,David Lee Roth,#N/A,rock,rock
Nite And Day,Al B. Sure!,#N/A,pop,pop
One Moment In Time,Whitney Houston,#N/A,pop,pop
Make Me Lose Control,Eric Carmen,#N/A,#N/A,#N/A
Out Of The Blue,Debbie Gibson,jazz,pop,jazz
Roll With It,Steve Winwood,#N/A,pop,pop
Foolish Beat,Debbie Gibson,pop,pop,pop
I Still Believe,Brenda K. Starr,#N/A,#N/A,#N/A
Rush Hour,Jane Wiedlin,#N/A,pop,pop
Say You Will,Foreigner,rock,rock,rock
Hands To Heaven,Breathe,#N/A,#N/A,#N/A
I Don’t Wanna Go On With You Like That,Elton John,#N/A,rock,rock
I Want To Be Your Man,Roger Troutman,#N/A,#N/A,#N/A
Simply Irresistible,Robert Palmer,#N/A,pop,pop
"Don’t Worry, Be Happy",Bobby McFerrin,reggae,#N/A,reggae
Hold On To The Nights,Richard Marx,pop,pop,pop
Make It Real,The Jets,dance/electronics,#N/A,dance
A Hazy Shade Of Winter,The Bangles,#N/A,pop,pop
Devil Inside,INXS,pop,pop,pop
Please Don’t Go Girl,New Kids on the Block,#N/A,pop,pop
"Wild, Wild West",The Escape Club,#N/A,#N/A,#N/A
Piano In The Dark,Brenda Russell featuring Joe Esposito,jazz,#N/A,jazz
Seasons Change,Exposé,pop,pop,pop
Catch Me (I’M Falling),Pretty Poison,#N/A,#N/A,#N/A
Don’t You Want Me,Jody Watley,#N/A,pop,pop
The Valley Road,Bruce Hornsby and the Range,#N/A,#N/A,#N/A
Don’t Shed A Tear,Paul Carrack,#N/A,#N/A,#N/A
One Good Woman,Peter Cetera,#N/A,pop,pop
Shake Your Love,Debbie Gibson,#N/A,pop,pop
Circle In The Sand,Belinda Carlisle,#N/A,pop,pop
Mercedes Boy,Pebbles,#N/A,#N/A,#N/A
Nobody’s Fool,Kenny Loggins,#N/A,pop,pop
Everything Your Heart Desires,Daryl Hall & John Oates,#N/A,rock,rock
I Could Never Take The Place Of Your Man,Prince,#N/A,rock,rock
I Get Weak,Belinda Carlisle,pop,pop,pop
Rocket 2 U,The Jets,dance,#N/A,dance
Naughty Girls (NEED Love Too),Samantha Fox,#N/A,pop,pop
Bad Medicine (#1*),Bon Jovi,#N/A,rock,rock
Don’t You Know What The Night Can Do?,Steve Winwood,#N/A,pop,pop
I Don’t Wanna Live Without Your Love,Chicago,#N/A,rock,rock
Don’t Be Cruel,Cheap Trick,#N/A,pop,pop
Don’t Be Cruel,Bobby Brown,#N/A,pop,pop
I’ll Always Love You,Taylor Dayne,#N/A,pop,pop
Could’ve Been,Tiffany,#N/A,pop,pop
If It Isn’t Love,New Edition,#N/A,pop,pop
Prove Your Love,Taylor Dayne,#N/A,pop,pop
What’s On Your Mind (PURE Energy),Information Society,#N/A,pop,pop
Can’t Stay Away From You,Gloria Estefan and Miami Sound Machine,pop,#N/A,pop
Stand,R.E.M.,#N/A,pop,pop
Wild Thing,Tone Lōc,#N/A,#N/A,#N/A
Welcome To The Jungle,Guns N’ Roses,rock,#N/A,rock
Friends,Jody Watley with Eric B. & Rakim,r&b,#N/A,r&b
Paradise City,Guns N’ Roses,Rock,#N/A,rock
Real Love,Jody Watley,pop,pop,pop
I Like It,Dino,#N/A,#N/A,#N/A
After All,Cher and Peter Cetera,jazz,#N/A,jazz
So Alive,Love and Rockets,pop,pop,pop
Right Here Waiting,Richard Marx,pop,pop,pop
Like A Prayer,Madonna,#N/A,pop,pop
Smooth Criminal,Michael Jackson,#N/A,pop,pop
She Drives Me Crazy,Fine Young Cannibals,#N/A,pop,pop
The Look,Roxette,#N/A,pop,pop
18 And Life,Skid Row,rock,rock,rock
Patience,Guns N’ Roses,Rock,#N/A,rock
Heaven,Warrant,pop,rock,pop
Every Rose Has Its Thorn,Poison,#N/A,rock,rock
If I Could Turn Back Time,Cher,#N/A,pop,pop
Love Shack,The B-52s,blues,#N/A,blues
Dr. Feelgood,Motley Crue,#N/A,#N/A,#N/A
Rock On,Michael Damian,#N/A,#N/A,#N/A
Rock Wit’cha,Bobby Brown,#N/A,pop,pop
Satisfied,Richard Marx,#N/A,pop,pop
Second Chance,.38 Special,#N/A,#N/A,#N/A
Dreamin’,Vanessa Williams,#N/A,#N/A,#N/A
Lost In Your Eyes,Debbie Gibson,#N/A,pop,pop
Lovesong,The Cure,#N/A,rock,rock
Walking Away,Information Society,pop,pop,pop
Straight Up,Paula Abdul,pop,pop,pop
When I’m With You,Sheriff,#N/A,#N/A,#N/A
Bust A Move,Young MC,#N/A,#N/A,#N/A
Every Little Step,Bobby Brown,pop,pop,pop
Good Thing,Fine Young Cannibals,pop,pop,pop
Angel Eyes,The Jeff Healey Band,#N/A,blues,blues
I Drove All Night,Cyndi Lauper,#N/A,pop,pop
Sowing The Seeds Of Love,Tears for Fears,#N/A,pop,pop
What I Am,Edie Brickell & New Bohemians,#N/A,pop,pop
Miss You Like Crazy,Natalie Cole,pop,pop,pop
When I See You Smile,Bad English,#N/A,rock,rock
Born To Be My Baby,Bon Jovi,#N/A,rock,rock
Cherish,Madonna,#N/A,pop,pop
Toy Soldiers,Martika,pop,pop,pop
Waiting For A Star To Fall,Boy Meets Girl,pop,pop,pop
Express Yourself,Madonna,#N/A,pop,pop
All This Time,Tiffany,pop,pop,pop
Close My Eyes Forever,Lita Ford and Ozzy Osbourne,rock,#N/A,rock
If You Don’t Know Me By Now,Simply Red,#N/A,pop,pop
My Prerogative,Bobby Brown,#N/A,pop,pop
The End Of The Innocence,Don Henley,#N/A,pop,pop
Wind Beneath My Wings,Bette Midler,#N/A,#N/A,#N/A
Funky Cold Medina,Tone Lōc,#N/A,#N/A,#N/A
"Once Bitten, Twice Shy",Great White,#N/A,rock,rock
Soldier Of Love,Donny Osmond,#N/A,#N/A,#N/A
Girl You Know It’s True,Milli Vanilli,#N/A,#N/A,#N/A
Listen To Your Heart,Roxette,pop,pop,pop
When The Children Cry,White Lion,#N/A,rock,rock
Armageddon It,Def Leppard,#N/A,rock,rock
Eternal Flame,The Bangles,#N/A,pop,pop
Roni,Bobby Brown,#N/A,pop,pop
The Way You Love Me,Karyn White,#N/A,#N/A,#N/A
You Got It (THE Right Stuff),New Kids on the Block,#N/A,pop,pop
Love In An Elevator,Aerosmith,#N/A,rock,rock
The Living Years,Mike + The Mechanics,#N/A,#N/A,#N/A
This Time I Know It’s For Real,Donna Summer,#N/A,pop,pop
Buffalo Stance,Neneh Cherry,#N/A,#N/A,#N/A
Giving You The Best That I Got,Anita Baker,#N/A,#N/A,#N/A
Heaven Help Me,Deon Estus,#N/A,#N/A,#N/A
Keep On Movin’,Soul II Soul,#N/A,#N/A,#N/A
Cover Girl,New Kids on the Block,#N/A,pop,pop
Shower Me With Your Love,Surface,#N/A,#N/A,#N/A
Cold Hearted,Paula Abdul,pop,pop,pop
Don’t Wanna Lose You,Gloria Estefan,#N/A,pop,pop
In Your Room,The Bangles,#N/A,pop,pop
Lay Your Hands On Me,Bon Jovi,pop,rock,pop
Look Away,Chicago,pop,rock,pop
Thinking Of You,Sa-Fire,#N/A,#N/A,#N/A
Baby Don’t Forget My Number,Milli Vanilli,#N/A,#N/A,#N/A
Hangin’ Tough,New Kids on the Block,#N/A,pop,pop
Miss You Much,Janet Jackson,#N/A,pop,pop
Put A Little Love In Your Heart,Annie Lennox & Al Green,#N/A,#N/A,#N/A
On Our Own,Bobby Brown,#N/A,pop,pop
She Wants To Dance With Me,Rick Astley,#N/A,pop,pop
What You Don’t Know,Exposé,#N/A,pop,pop
Batdance,Prince,#N/A,rock,rock
Forever Your Girl,Paula Abdul,pop,pop,pop
It’s No Crime,Babyface,#N/A,pop,pop
Surrender To Me,Ann Wilson and Robin Zander,#N/A,#N/A,#N/A
I Wanna Have Some Fun,Samantha Fox,#N/A,pop,pop
My Heart Can’t Tell You No,Rod Stewart,#N/A,rock,rock
Secret Rendezvous,Karyn White,#N/A,#N/A,#N/A
Girl I’m Gonna Miss You,Milli Vanilli,#N/A,#N/A,#N/A
Two Hearts,Phil Collins,country,rock,country
I’ll Be There For You,Bon Jovi,#N/A,rock,rock
The Lover In Me,Sheena Easton,pop,pop,pop
When I Looked At Him,Exposé,#N/A,pop,pop
I Remember Holding You,Boys Club,#N/A,#N/A,#N/A
Don’t Rush Me,Taylor Dayne,#N/A,pop,pop
I’ll Be Loving You (FOREVER),New Kids on the Block,#N/A,pop,pop
"Baby, I Love Your Way/Freebird Medley",Will to Power,r&b,pop,r&b